B,ZNZYZ,FZFZF,RKRKR,RXRNR,CNCFC,PBPKP,CPCFC,VLVNV,KFKFK,ZNZNZ,KCKPB,ZKZFZ,NRNZN,KXKRK,YPYZY,FKBKF,RPRPR,VRVKV,RFRPR,KVKVK,YKYVY,VBVBV,ZVZVZ,YFYFY,ZYZYZ,VLVXV,XPXZX,RYRYR,PBPNP,KXKXK,ZYZYZ,VKVKV,YZYZY,NLNZN,ZNBYZ,PCPXP,ZVZFZ,RCRZR,LRLRL,ZYZBZ,RNRZR,CXCYC,RCRLR,FRFRF,XFXFX,RPRLR,BXYRY,FYFYF,YZYVY,YKYKY,XRXRX,XVXZX,PVPBP,ZFZFZ,PXPXP,LYLYL,NKNKB,ZNZNZ,PYPZP,BPXKX,VLVLV,PKPXP,FZFZF,LBLBL
B,ZVZFZ,FZFZF,RFRFR,NZNKN,FZFNF,RXRZB,KRKYK,NZNPN,XPXPX,CBCBC,RFRFR,VYVXV,VRVRV,ZKZRZ,XCXCX,CNCBC,RCRCR,ZPZXZ,FKFYF,ZFZYZ,PXPXP,BRCKC,PCPCP,XNXNX,RCRZR,XVXVX,NRNRN,FPFPF,XVXFX,PRPRP,FYFCF,XBXFX,CYCVC,VPVKV,YCYCY,NKNLN,XPBKX,ZPZPZ,KRKRK,XKXKX,YBYVY,XKXFX,NFNFN,KRKRK,XYXKX,YZBZY,KFKVK,LYLYL,CXCXC,XZXNX,PXPXP,ZRZYZ,ZXZXZ,ZCZCZ,PYPNP,YKYPY,PBPBP,RNRNR,KCKCK,KNKNK,PRPKP,BNYNY,NYNYN,YXYXY,RPRLR,FCFCF,ZKZKZ,ZRZBZ
E,YZYZY,VFVNV,KYKYK,NKNKN,XVXNX,RNRBR,XNXNX,NXNXN,ZLZNZ,CXCNC,FYFRF,BLZLZ,YZYZY,CYCYC,VZVZV,PXPRP,YPYPY,CBCZC,VNVNV,KRKFK,XLXLB,RFRPR,XRXLX,NZNPN,XZXZX,FZFZF,PFPFP,YZYXY,KPKBK,CXCPC,VXVXV,NVNZN,RKRVR,XRXRX,BRNFN,YRYNY,PBPBP,ZYZXZ,RZRVR,XRXRX,KRKFK,RKRKR,ZFBFZ,YZYVY,XPXNX,YRYRY,VPVPV,CBCRC,RFRCR,CPCVC,RXRCR,VNVLV,ZXZXZ,ZCZCZ,PYPNP,YKYPY,YRBXY,ZKZKZ,XLXNX,KFKRB,RXRLR,RBRBR
J,CYCVC,RXRCR,FPFVF,LZLZL,PLPLP,NPNPN,XZXZX,CNCKC,PCPYB,VYVYV,RLRLR,CBCBC,ZLZLZ,FZFZF,CFCFC,PZPZP,XLXLX,NVNFN,KYKYK,ZNZVZ,YVBXY,XFXFX,XNXNX,FBFBF,CZCYC,ZXZCZ,RYRYB,FPFZF,XRXRX,YPYZY,XRXRX,XZXPX,CBCBC,ZXZVZ,VKVKV,VNVNV,ZKZKZ,XVXBX,RXRVR,LRLRL,YNBNY,NPNPN,ZXZXZ,ZNZNZ,YZYZY,XYXYX,BXZXZ,LYLZL,CYCNC,XFXFX,CVCXC,ZPZXZ,FZFZF,RXRBR,PRPFP,PKPZP,XZXPX,BCZVZ,RXRLR,VZVZV,XBXFX
I,PCPCP,XYXYX,VXVXV,XVXVX,ZRZXZ,FPFZF,ZYZYZ,RVRZR,CFCBC,XLXLX,YVYVY,CRCRC,FNFCF,PVPRP,FZFZF,NVNVN,CBCVC,ZXZXZ,FCFZF,BXRXR,ZPZNZ,VZVZV,YRYNY,VNVPV,RVRFR,VRVRV,VBVBV,CXCVC,PZPZP,VXVKV,YCBCY,VYVYV,YVYVY,NVNVN,XYXVX,NFNCN,NXNYN,BXVCV,ZKZKZ,XRXYX,ZCZXZ,KVKYK,CNCNC,RBRXR,VYVXV,FXFRF,XFXFX,CVBXC,ZPZXZ,FZFZF,PFPFP,VPVPV,ZNZNZ,ZVZNB,YVYXY,PRPRP,YPYPY,ZBZBZ,NKNXN,RZRXR,RXRXR,ZNZNZ,CVCVB,NKNKN,NRNZN,CNCNC,RFRBR
B,YKYZY,VCVRV,XVXVX,KZKRK,ZVZXZ,RCRNR,CXCRC,VNBCV,CXCVC,RFRFR,XPXRX,RBRBR,ZKZKZ,FRFRF,VZVLV,RPRVR,YCYBY,PYPVP,NFNFN,RNRNR,BXNXN,RNRNR,FRFVF,YVYFB,ZRZXZ,VNVFV,PXPNP,ZXZPZ,VBVRV,CXCXC,PCPFP,KNKNK,XZXZX,CYCYC,FVFYF,YNYRY,BVPXP,NXNXN,FRFRF,YVYVY,ZKZCZ,VFVXV,PRPRP,YBYBY,CXCVC,FYFYF,VKVXV,ZBZCZ,FPFNF,CXCXC,YCYCY,FPFPF,CVCVB,ZCZCZ,CZCNC,KFKFK,PXBXP,RYRYR,ZRZCZ,RVRVR,XYXNX,KVKVK,CFCBC
W,RKRKR,CVCRC,PKPKP,FPFPF,VRVPV,ZKZYZ,PVBCP,KVKVK,YXYVY,FNFNF,YBYBY,ZYZYZ,PYPYP,XRXRX,PXPXP,FCFNB,FVFVF,CYCZC,XZXVX,PFPFP,RVRLR,ZFZFZ,VCVNV,NBNRN,XNXVX,CXCNC,YVYVB,VFVFV,VFBFV,CVCFC,YZYZY,PYPYP,NKNBN,VNVNV,RVRVR,FVFVF,VZVKV,VPVCV,BYZCZ,PFPFP,PRPRP,NBNFN,VKVCV,BPYPY,VXVXV,ZKZYZ,XYXYX,FZFXF,XKXKX,XPXPX,FCFBF,FNFZF,ZVZYZ,FZFZF,NPNFN,PCPCP,NBNBN
M,VYVNV,KLKNK,NRNRN,VNVFV,XNXNB,CXCVC,KRKZK,NBNFN,ZFZFZ,YPYCY,KCKCK,VNVNV,LXLXL,CLCLC,NYNYN,LCBYL,NCNCN,ZVZRZ,ZVZVZ,PZPVB,PNPNP,KLKCK,XBXBX,PRPXP,CVCYC,PBPXP,ZCZLZ,XFXFX,ZCZLZ,BNCYC,ZXZXZ,YRYNY,ZLZPZ,VZVZV,BXPXP,VZVZV,PYPYP,XPXVX,XLXLX,YFYBY,VYVYV,PZPZP,PYPKP,NPNXN,KVBVK,NVNFN,XNXNX,YBYBY,PFPFP,ZCZCZ,PCPZP,LRLPL,CZCZC,NZNZN,CVCXC,XCXCX,YFYFY,NLNLN,VNVNV,ZRZBZ
S,NZNZN,KVKZK,LZLZL,XLXLX,ZXZXZ,KNKZK,NRNYN,CLCVC,ZCZFZ,NXNBN,VZVZV,NVNCN,VZBZV,CVCXC,ZYZRZ,XNXZX,PXPXP,VCVBV,PRPCP,ZNZNZ,ZFZFZ,FCFCF,YLYZY,KNKVK,BFPCP,RPRPR,XVXVX,KFKFK,VBVCV,YVYVY,VPVPV,XZXZX,KZKXK,RFRPR,NVNVB,ZXZXZ,VRVRV,YCYCY,KFKZK,FZBVF,VYVYV,LVLVL,YFYFY,NBNBN,FNFCF,KVKVK,VZVCV,ZYZRZ,VXVZV,VPVPV,RVRNB,YZYZY,ZBZRZ,FRFRF,YPYPY,VCVYV,FPFNF,BVXVX,ZVZRZ,LFLFL,VLVLV,KXKXK,ZCZCZ,NZNXN,LBLBL
Q,ZVZPZ,RZRZR,ZFZFZ,RZRZR,PZPXP,VFBPV,ZPZRZ,CYCVC,CPCPC,YBYKY,FVFXF,YNYNY,ZYZYZ,FRFZF,XNXPX,NXBXN,PVPZP,XVXPX,FXFVF,NZNKN,VXVNV,XZXZX,VBVRV,ZYZPZ,PZPZP,YVYVY,NBNBN,FCFVF,ZFZFZ,NXNXN,YPYFY,ZKZKZ,BZRCR,YPYVY,ZNZNZ,VRVBV,RVRZR,KRKFK,NPNPN,YPYPB,VCVYV,FPFNF,BVXVX,ZVZRZ,LFLFL,VLVLV,KXKXK,YBYBY,YCYCY,PZPYP,LPLFL,VZVZV,VFVYB,CZCXC,PVPCP,CXCXC,NZNZN,YPYCY,ZBZBZ
T,KFKFK,LZLZL,PFPVP,FRFPF,FZFZF,VBVBV,KYKCK,VPVPV,XZXZX,PZPYP,KXKLK,BCNCN,PZPNP,RCRPR,PZPRB,XFXVX,LKLBL,ZCZPZ,NCNFN,XZXNX,ZPZPZ,CFCFC,VXBRV,CFCVC,PYPYP,FZFYF,CNCFC,PBPBP,ZCZCZ,KZKZK,RLRVR,ZRZKZ,KLKLB,ZKZKZ,VZVZV,RVRZR,ZPZCZ,VYVYV,RVRVR,PBPBP,PXPXP,KCKCK,YVYVY,CYCYC,XCXCX,CXCKC,KCKNK,VPVPV,BXFZF,NYNVN,VZVXV,ZRZRZ,VBVZV,PXPVP,LFLFL,VLVLV,KXKXK,ZCBCZ,NZNXN,FVFVF,VRVLV,YCYCY,XZXZX,VBVYV
O,VXVLV,KVKCK,VLVLV,ZCZVZ,KFKFK,XKXKX,YXYXY,FVFVF,PVPBP,ZXZYZ,PXPVP,ZRZRZ,CVCKC,CKCKC,NPNPN,ZRZNZ,BZCZC,LFLFL,CXCXC,KPKPK,FRFKF,FBFBF,ZFZFZ,LKLZL,KLKZK,YXYCY,LXLBL,XLXLX,XVXVX,FZFZF,BXNZN,CZCZC,LZLZL,VLVPV,VYVYB,XKXKX,RZRZR,KVKCK,RBRXR,PRPRP,LYLVL,PLPLP,CRCRC,XZXYX,NKNKN,VLVZV,YBYBY,PZPZP,FYFYF,ZVBVZ,VKVZV,ZPZPZ,LKLZB,KCKVK,PXPKP,KCBZK,FKFKF,CYCKC,NXNXN,KXKVK,CBCPC
H,VFVNV,YVYVY,XVXVX,NRNXN,PZPKP,BLVLV,CXCZC,LXLBL,YKYFY,YXYRY,ZKZYZ,RZRZB,NFNYN,KVKFK,BFXYX,LKLVL,NLNLN,XCXRX,FXFXF,VBVBV,PVPVP,CRCXC,NXBXN,XRXRX,YFYXY,ZPZPZ,RZRZR,FKFKF,PFPFP,XBXBX,RZRKR,FLFLF,KRKRK,ZVZNZ,ZXZXZ,FZFZF,FBFBF,ZXZLZ,FKFXF,CFCYC,ZXZVZ,KCKXK,ZXZXZ,CKCKC,ZXZCZ,YVYVB,RVRVR,ZRZRZ,ZBZDZ,VZVZV,RZRVR,FVFVF,RNBCR,CXCXC,VNVXV,XBXKX
G,FZFZF,RPRVR,XCXCX,YXYXY,KZKZK,RYRKR,FYFNF,VKVKV,KPBPK,YNYNY,VYVYV,YCYXY,LBLRL,VXVXV,KCKVK,YKYKY,RPRXR,FVFCF,YXYBY,CLCLC,ZXZCZ,VLVFV,CPCPB,KXKNK,ZKZVZ,YKYLY,CNCNC,PBPBP,VPVPV,FXFRF,CYCVC,FNFNF,KFKCK,BFZKZ,NXNXN,FNFNF,LXLNB,XKXVX,ZRZRZ,PFPFP,ZXBYZ,XPXVX,YCYCY,RBRBR,VRVRV,PKPNP,XKXKX,YZYVY,VCVNV,VZVBV,LXLNL,PKPKP,XRXPX,BNXNX,KNKVK,RZRZR,CBCBC
A,XRXFX,RXRKR,YRYRY,XPXPX,RPRPR,NCNCN,RXRZR,NBNBN,KCKYK,XKXFX,ZLZKZ,VCVZV,XCXVX,LKLZB,NCNCN,YCYCY,VLVLV,XRXRX,KBKPK,YZYZY,CFCFC,BNVLV,KPKVK,NCNRN,FXFXF,RCRYR,KRKCK,CRCRC,XPBPX,LPLXL,CZCVC,FKFZF,CZCBC,XCXCX,RXRXR,NKNRN,KNKFK,KBKBK,ZCZRZ,RPRPR,BCNCN,RXRZR,VPVPV,RCRCB,KXKPK,NPNPN,YCYCY,PXPBP,ZCZNZ,KYKZK,LNLPL,CXBPC,YRYRY,LZLZL,VYVLV,KVKVK,RKRKR,VXVXV,XBXZX